{"6dgSGY/I+XiaCFhSjOJ/sQ==":"photo-1529612700005-e35377bf1415.jpeg","L4xMeauI5KlrYi0HWkAxBw==":"mbr-324x162.png","2qQDQ7XUDkxXszqamwfJUw==":"mbr-1-324x162.png","Da/7Cpoih0JKxGjMowQ4RQ==":"mbr-324x293.png","aAXCPRr4/+3kMZ5xe+oInw==":"mbr-324x324.png","1qHwtY+ZvEw5057X6/mROg==":"st1.webp","GPl9chMHtKbPkE5d+MaW/w==":"st2-300x168.jpg","pswAcUDMEwd3NKCE1QfeWQ==":"st3-360x140.jpg","Fw1KprlGOwloevtvr0cqMA==":"st4-275x183.jpg","7esB6FPdC+sVqwHW7G6bgg==":"mbr-712x712.png","kiO7q2QPshbolKiRwBzMYw==":"mbr-712x712.jpg","gvikjNQ2PVItmuIEluRThw==":"photo-1501349800519-48093d60bde0-1.jpeg","K9IGyfb9ZMByzM/OSIsGAw==":"mbr-518x345.jpg","s4T9aL9eWenzcRjoUx7mFg==":"mbr-518x343.jpg","rDa/2e76M+vSuT0jo/eVig==":"mbr-518x389.jpg","ooN7SYd1iOaDOpca8r5G2A==":"mbr-518x333.jpeg","79LvBpLY2Q+5FZNTa0tDGw==":"orchid%20groupof%20schoolh-453x453.png","Q+7kMwFz6ALhBjYt7bu5ng==":"photo-1509062522246-3755977927d7.jpeg","uhJnrdcAUKaxYR7l83u9eA==":"photo-1580582932707-520aed937b7b.jpeg","UJuJPZyT7hVbC+2+phLCOg==":"photo-1531561855568-3036cd4f03ba-1.jpeg","byawlqK5Ol4Q7oyBLKBBqg==":"photo-1522661067900-ab829854a57f.jpeg","uitWmBPAH/AI0rCryUzijw==":"photo-1522661067900-ab829854a57f-1.jpeg","tOwG0k1moxI2JNQ9HLDuDw==":"st5-907x353.jpeg","Y3B7SQS0uuciAo4npAkZ4g==":"st8-907x503.jpg","+loihJdWlAMS2aBc22riAw==":"st8-907x503.jpeg","MDjXepZXL9OE22Bpuc7nMw==":"stu1-275x183.jpg","Xeoi0CYa+dMv1w3mtWx5XQ==":"st8-2400x1330.jpg","Sud8YoXSOsutat0Zh0sO1g==":"st5-1800x700.jpg","4qMYcIfYsw5pp94NrvP3Uw==":"mbr-1-518x345.jpg","HbVx/V5hQwf0iB1YvluuHA==":"mbr-518x207.jpg","B/HDkYgzW+gGGdpTX4EsGA==":"mbr-2-518x345.jpg","xfRcFF7hg5WOTYwqJaAbAg==":"mbr-518x291.jpg","/XzPZS1q5lM/vT6WL4fsmg==":"mbr-1-518x343.jpg","CZRgZTt/xOJY1YQAJR3zMg==":"mbr-1101x731.jpg","PHDwCP2g5C2rLO3AiilE4w==":"mbr-1101x734.png","B62cfa1x0vu17rZPv5TrZA==":"mbr-1101x873.png","C9QHuTbq5jv0bX8McOkeoQ==":"mbr-1101x303.png"}